22839.8,23291.9,-452.145
22787.4,23666.5,-879.078
22719.4,22065.3,654.127
21087.0,21247.5,-160.576
22096.9,21247.5,849.416
22924.5,22845.0,79.457
23008.2,24125.0,-1116.77
22721.4,26042.0,-3320.56
23879.1,23553.7,325.367
22321.4,23119.9,-798.469
22601.6,22503.1,98.5098
21872.0,23221.5,-1349.54
21956.0,23298.0,-1341.97
23206.6,27907.5,-4700.91
22920.1,23630.4,-710.297
22839.8,24232.8,-1392.98
22403.0,22119.3,283.689
22560.7,22611.4,-50.6953
22246.8,22454.7,-207.941
22382.3,22671.5,-289.229
23002.3,22212.4,789.902
23045.9,22212.4,833.486
22524.7,22641.6,-116.879
22716.2,22641.6,74.6172
22762.7,22108.3,654.33
23088.3,21821.7,1266.63
22935.3,21961.0,974.258
23130.8,21961.0,1169.79
22197.2,23154.4,-957.23
22179.5,24042.8,-1863.29
21954.4,23588.7,-1634.33
22716.6,23315.9,-599.279
23785.2,23899.3,-114.096
23219.3,23899.3,-680.01
21157.7,23070.5,-1912.85
21204.0,22346.3,-1142.28
21352.4,21474.7,-122.316
21141.2,21673.7,-532.562
22216.5,22803.2,-586.713
22776.0,23191.7,-415.67
23352.0,23621.0,-268.98
22034.6,22309.4,-274.834
23514.5,23628.0,-113.537
24203.4,24047.1,156.248
23537.8,23743.0,-205.135
23573.7,23743.0,-169.252
23372.0,23743.0,-370.973
22371.2,22459.1,-87.8652
22808.1,22459.1,349.012
23072.9,22459.1,613.861
23559.7,23888.9,-329.164
23371.2,23888.9,-517.689
23192.4,23888.9,-696.426
24967.6,24532.8,434.799
22826.2,23249.0,-422.758
22000.6,23249.0,-1248.33
21851.0,23249.0,-1397.92
22658.3,23249.0,-590.705
22723.4,23249.0,-525.516
22776.0,23249.0,-472.973
22849.9,23249.0,-399.025
21423.6,21812.5,-388.947
21115.6,21424.1,-308.523
20891.1,21158.3,-267.254
20268.8,20401.9,-133.143
19884.4,20177.0,-292.605
19563.8,19645.5,-81.6465
19178.6,18970.8,207.76
20602.8,20810.8,-207.965
20557.9,20810.8,-252.865
19864.7,20401.9,-537.242
19242.3,20401.9,-1159.56
19082.5,19645.5,-562.975
18152.4,19645.5,-1493.03
17780.4,18970.8,-1190.43
21506.4,21744.3,-237.869
19633.4,19353.5,279.867
20712.5,20333.2,379.303
20797.9,20660.3,137.576
21774.6,22360.9,-586.301
22189.1,22851.5,-662.432
22312.5,23168.4,-855.912
22650.8,22588.2,62.5898
22635.3,22265.2,370.102
21446.6,21209.3,237.311
22442.2,22497.2,-54.9883
19194.5,20795.2,-1600.74
20392.0,22083.2,-1691.21
20784.9,22389.8,-1604.9
21461.4,23207.6,-1746.24
22059.1,23677.8,-1618.73
22760.0,24004.9,-1244.88
20198.3,20419.0,-220.611
20671.9,21052.7,-380.859
21197.1,21706.9,-509.824
21982.2,22831.3,-849.129
23101.4,23628.7,-527.297
20863.6,20976.7,-113.125
21133.8,21303.8,-170.039
21916.5,22264.7,-348.16
21614.4,21794.4,-180.096
22028.4,22264.7,-236.248
19705.1,20903.8,-1198.74
19900.9,21067.4,-1166.45
20136.0,21394.5,-1258.46
20614.7,21864.7,-1250.03
20281.2,21394.5,-1113.32
21429.9,21664.9,-234.982
21688.4,21992.0,-303.547
21616.8,21992.0,-375.201
20238.2,21041.0,-802.734
20682.3,21368.1,-685.74
20748.7,21531.6,-782.883
21105.0,21858.7,-753.748
21528.5,22328.9,-800.422
19325.3,20821.5,-1496.18
19581.1,21148.6,-1567.49
19924.4,21312.2,-1387.8
19727.7,21312.2,-1584.46
19985.9,21639.3,-1653.37
20455.0,22109.5,-1654.51
20333.1,21136.1,-802.98
20602.5,21463.2,-860.764
20866.6,21626.8,-760.117
21225.1,21953.9,-728.74
21687.6,22424.1,-736.482
20993.0,21953.9,-960.881
20261.5,21008.5,-747.066
20688.3,21335.6,-647.359
20778.2,21499.2,-720.984
21167.2,21826.3,-659.074
21698.4,22296.5,-598.119
21087.8,21826.3,-738.5
21590.8,22296.5,-705.676
21013.4,21804.4,-791.012
21409.2,22274.6,-865.385
20892.6,21804.4,-911.824
21369.3,22274.6,-905.307
18052.1,18522.1,-470.018
18353.7,19155.9,-802.152
18932.2,19810.1,-877.871
19981.4,21098.1,-1116.65
21376.1,22386.0,-1009.91
20101.2,21098.1,-996.865
20751.7,21752.3,-1000.54
21401.3,22386.0,-984.693
17917.4,18837.4,-920.025
18443.3,19471.2,-1027.81
18585.1,19798.3,-1213.19
19110.4,20452.5,-1342.08
18648.8,19798.3,-1149.5
19449.4,21086.2,-1636.84
20630.5,22374.2,-1743.72
19958.2,21413.3,-1455.12
21196.0,22701.3,-1505.25
22063.9,23335.1,-1271.12
22356.8,23662.2,-1305.35
17530.7,18566.7,-1035.95
18116.5,19527.5,-1411.01
18484.1,20181.8,-1697.66
19318.5,21142.6,-1824.09
19762.5,21796.8,-2034.29
18576.3,19200.4,-624.133
20146.6,22103.5,-1956.91
20817.6,22757.7,-1940.12
19240.0,21142.6,-1902.59
20668.5,22430.6,-1762.12
21379.6,23064.3,-1684.71
22024.5,23391.4,-1366.92
17778.5,18411.8,-633.293
18465.0,19372.7,-907.689
19325.5,20660.7,-1335.13
19669.4,20987.8,-1318.38
20114.4,21642.0,-1527.52
18576.4,19045.6,-469.191
19402.7,20660.7,-1257.96
19618.6,20987.8,-1369.11
20306.0,21642.0,-1335.96
21697.9,22929.9,-1232.05
22310.4,23236.6,-926.203
19059.8,19345.9,-286.094
20603.3,21206.3,-602.941
21248.2,21921.8,-673.605
21770.6,22882.7,-1112.05
22766.4,23516.4,-750.08
23115.2,23516.4,-401.234
24445.7,24497.7,-52.0332
19178.5,18948.9,229.588
19521.8,19582.7,-60.9082
20487.5,20809.3,-321.834
21479.5,21831.5,-352.047
23336.8,23773.7,-436.863
23838.5,23773.7,64.7734
19190.5,19424.8,-234.219
20116.9,20406.1,-289.189
20402.0,20712.7,-310.727
20736.9,21039.8,-302.951
21223.0,21366.9,-143.963
21505.1,21694.0,-188.916
21833.5,22164.3,-330.734
20868.7,21203.4,-334.734
20911.6,21366.9,-455.361
21252.0,21694.0,-442.066
22285.6,22654.9,-369.354
22750.9,22982.0,-231.078
22032.8,22164.3,-131.506
22368.6,22654.9,-286.283
21709.3,22164.3,-454.975
21763.5,22327.8,-564.328
22822.6,22982.0,-159.424
23380.5,23288.7,91.8379
20467.8,20295.9,171.971
21217.2,20929.6,287.594
21690.2,21583.8,106.393
21868.6,22217.6,-348.953
20107.8,20311.1,-203.314
20724.4,20944.9,-220.516
21441.7,21599.1,-157.459
20843.3,20950.9,-107.607
21722.2,21605.1,117.072
20354.7,20208.1,146.562
20772.2,20841.9,-69.6426
21176.4,21169.0,7.45117
22153.3,22457.0,-303.672
19643.5,19599.4,44.0391
20216.5,20580.7,-364.232
21217.2,21868.7,-651.482
21449.8,22175.4,-725.572
20362.9,20723.8,-360.973
20787.7,21214.5,-426.781
21423.4,22011.8,-588.4
21633.7,22338.9,-705.189
20802.4,21214.5,-412.105
21312.4,21868.7,-556.332
22138.3,22829.6,-691.301
22526.8,23156.7,-629.818
22956.2,23463.3,-507.131
21867.4,22502.5,-635.068
22408.0,22993.1,-585.121
23302.1,23626.9,-324.795
23828.5,23954.0,-125.506
19542.6,19203.4,339.273
19857.8,19694.0,163.771
20390.7,20184.7,205.998
20875.7,20654.9,220.828
21316.4,21472.6,-156.238
21496.2,21779.3,-283.064
20468.2,20327.8,140.434
20966.1,20818.4,147.631
21309.2,21309.1,0.101562
21481.5,21615.7,-134.23
21383.1,21472.6,-89.4883
21950.1,22269.9,-319.805
22495.4,22903.7,-408.264
21219.8,21472.6,-252.787
22103.9,22433.5,-329.553
22365.2,22760.6,-395.383
22793.3,23067.3,-273.928
21865.9,22106.4,-240.455
22690.8,22903.7,-212.963
23102.7,23230.8,-128.094
23628.3,23557.9,70.418
21064.4,20966.8,97.6777
21662.9,21764.1,-101.178
21660.9,21927.6,-266.758
19893.5,19956.2,-62.7402
20132.7,20262.9,-130.197
21165.3,20753.5,411.73
20721.5,20590.0,131.537
21478.6,21080.6,397.984
21908.1,21550.9,357.289
21996.0,21714.4,281.607
22438.7,22368.6,70.0703
20897.3,20516.1,381.201
21823.6,21333.9,489.734
22072.8,21804.1,268.721
21828.2,21497.5,330.752
22169.7,21967.7,202.047
22556.9,22621.9,-64.9551
21060.8,20479.1,581.676
21573.2,20806.2,766.99
21823.6,21296.9,526.699
22025.6,21767.1,258.537
22190.9,22094.2,96.7539
22180.2,21930.6,249.623
22577.4,22584.8,-7.41406
20619.5,20068.3,551.211
20882.5,20374.9,507.586
21495.8,20865.6,630.215
21446.7,20702.0,744.639
21824.8,21192.7,632.131
22185.4,21990.0,195.365
21833.1,21356.2,476.873
22180.6,21826.4,354.172
22480.6,22480.7,-0.0625
20113.0,20451.5,-338.451
20433.4,20942.2,-508.719
20769.5,21575.9,-806.377
20999.8,22066.6,-1066.82
21102.9,22557.2,-1454.38
20097.4,20451.5,-354.078
20934.9,21575.9,-641.025
21513.7,22557.2,-1043.57
21061.8,21575.9,-514.076
21576.8,22066.6,-489.787
21846.1,22557.2,-711.111
22172.5,23027.4,-854.951
20250.9,20451.5,-200.607
21252.5,21575.9,-323.371
22043.7,22557.2,-513.574
22455.1,23027.4,-572.355
21988.6,22066.6,-77.9414
22137.7,22557.2,-419.533
23203.2,23518.1,-314.863
23701.9,23845.2,-143.309
19752.8,19654.2,98.5723
20268.9,20451.5,-182.621
20514.1,20942.2,-428.053
20926.5,21575.9,-649.412
20377.4,20451.5,-74.082
21093.6,21575.9,-482.35
21620.2,22557.2,-937.07
20627.5,20451.5,175.982
20867.6,20942.2,-74.5117
21202.0,21575.9,-373.871
21607.8,22066.6,-458.775
21849.8,22557.2,-707.418
21850.5,23027.4,-1176.99
21490.5,21575.9,-85.4238
22011.1,22557.2,-546.09
22537.8,23027.4,-489.594
21756.1,21575.9,180.166
21948.4,22066.6,-118.127
22276.2,22557.2,-281.074
22758.4,23027.4,-269.068
23353.3,23518.1,-164.826
19960.7,20702.1,-741.41
20429.4,21192.8,-763.354
20211.7,21826.5,-1614.85
20969.3,22317.2,-1347.91
20929.0,22807.9,-1878.81
20077.4,20702.1,-624.725
20746.0,21826.5,-1080.59
20790.6,21826.5,-1035.97
21406.5,22317.2,-910.703
21359.8,22807.9,-1448.06
22159.1,23278.1,-1118.95
20578.8,20702.1,-123.314
20817.1,21826.5,-1009.41
21533.2,22807.9,-1274.7
21696.8,21826.5,-129.711
21906.6,22317.2,-410.586
21743.0,22807.9,-1064.81
23209.5,23768.7,-559.254
23253.5,24095.8,-842.285
21055.5,21192.8,-137.324
20879.9,20702.1,177.818
21496.0,21826.5,-330.576
21056.3,20702.1,354.188
21801.4,21826.5,-25.1895
22005.0,22317.2,-312.229
22319.2,22807.9,-488.605
22614.3,23278.1,-663.73
22608.7,22807.9,-199.191
22973.2,23278.1,-304.893
22038.7,21826.5,212.201
22365.7,22317.2,48.4746
23131.2,23278.1,-146.834
20286.8,20221.8,64.9336
21323.2,21836.9,-513.711
20451.5,20221.8,229.662
21144.2,21346.3,-202.035
21288.5,21346.3,-57.7207
21691.9,21836.9,-145.025
22238.5,22327.6,-89.082
20697.2,20221.8,475.371
21454.6,21346.3,108.312
22391.9,22327.6,64.2891
22874.7,22797.8,76.8945
21694.7,21346.3,348.436
22505.2,22327.6,177.631
22874.9,22797.8,77.1602
23557.4,23288.4,268.971
19905.0,19424.5,480.488
20489.7,20221.8,267.82
21054.2,21346.3,-292.025
20544.9,20221.8,323.053
21239.8,21346.3,-106.488
20909.8,20712.5,197.334
21425.1,21346.3,78.8828
21885.3,21836.9,48.3438
22175.2,22327.6,-152.398
22282.0,22797.8,-515.818
21547.3,21346.3,201.027
22419.1,22327.6,91.4961
21811.4,21346.3,465.098
22154.6,21836.9,317.717
22464.0,22327.6,136.475
23559.2,23288.4,270.723
20946.8,20856.6,90.2129
21945.2,21981.1,-35.8066
22190.2,22471.7,-281.494
23803.5,23432.6,370.896
21160.9,20856.6,304.271
21358.6,21574.0,-215.336
22000.2,22207.7,-207.572
22201.6,22698.4,-496.832
20571.8,20812.1,-240.299
21617.1,21936.5,-319.402
21981.8,22427.2,-445.379
23002.1,23388.0,-385.932
21084.5,20812.1,272.414
21361.3,21302.8,58.502
22113.9,21936.5,177.357
23758.7,23388.0,370.674
18199.6,17651.6,547.953
19664.3,19900.5,-236.146
20073.6,19573.4,500.221
20372.4,20534.2,-161.871
21486.3,22149.3,-662.971
21574.5,22149.3,-574.779
21923.2,22149.3,-226.152
22438.1,22803.5,-365.451
22702.4,23110.2,-407.742
22975.3,23437.3,-462.018
19641.0,19699.8,-58.7559
20137.8,20497.1,-359.248
20472.4,20987.7,-515.367
20892.0,21621.5,-729.477
20762.1,20987.7,-225.594
21703.6,22112.2,-408.551
22124.4,22602.8,-478.41
21952.0,22112.2,-160.207
22458.5,22602.8,-144.318
20195.3,20497.1,-301.805
20467.3,20987.7,-520.43
22240.1,22602.8,-362.666
22263.0,22602.8,-339.795
23085.1,23073.0,12.084
23972.8,23236.6,736.205
19556.4,19662.7,-106.309
19930.5,20460.0,-529.545
20321.0,20950.7,-629.705
20768.5,20950.7,-182.186
21598.7,21584.5,14.1973
21992.8,22075.1,-82.334
22092.8,22565.8,-472.938
22649.3,22565.8,83.5254
21015.6,21584.5,-568.822
21451.7,21584.5,-132.744
22294.7,22565.8,-271.078
24627.9,23526.6,1101.27
24504.7,23526.6,978.104
26026.6,23772.0,2254.62
19496.2,19928.0,-431.826
20225.6,20725.3,-499.752
20280.0,21216.0,-936.018
20956.7,21216.0,-259.268
21801.1,22340.4,-539.324
21950.8,22340.4,-389.617
22347.9,22831.1,-483.188
22776.6,23301.3,-524.695
20675.4,20934.7,-259.219
20819.9,21098.2,-278.344
21261.7,21732.0,-470.293
20417.2,20434.4,-17.1602
20731.0,20925.0,-193.975
20886.7,21088.6,-201.896
21778.7,22213.0,-434.33
21556.4,21722.3,-165.941
20521.3,20550.0,-28.7793
20477.4,20550.0,-72.6035
20785.6,21040.7,-255.094
20903.3,21204.3,-300.967
21351.1,21838.0,-486.896
21877.6,22328.7,-451.051
21705.0,21838.0,-133.023
21972.2,22328.7,-356.467
20590.1,21055.2,-465.104
20811.6,21218.8,-407.195
21724.3,22343.2,-618.889
19989.6,19712.6,277.023
20216.6,20039.7,176.875
21252.4,21981.9,-729.51
21631.6,22288.5,-656.906
21937.1,22615.6,-678.502
19994.8,19867.3,127.414
20693.7,20521.6,172.104
21703.0,21809.5,-106.562
21890.0,22116.2,-226.225
21008.1,21155.3,-147.178
21468.8,21809.5,-340.766
22819.0,22770.4,48.5996
20552.6,19799.6,752.998
21036.7,20760.5,276.244
21825.6,21741.8,83.8242
22011.0,22048.5,-37.5
21465.1,21087.6,377.463
22006.3,21741.8,264.539
22293.1,22048.5,244.619
22514.2,22375.6,138.584
22804.0,22702.7,101.336
23306.4,23336.4,-30.0625
20051.5,19839.8,211.701
21094.5,20494.0,600.488
21218.5,20964.2,254.236
21897.5,22252.2,-354.682
20993.0,21633.3,-640.268
21530.5,22103.5,-572.922
21936.9,22594.1,-657.184
22708.8,22921.2,-212.477
22774.7,23227.9,-453.168
23043.2,23555.0,-511.816
19340.7,18663.0,677.627
19786.4,19951.0,-164.602
19906.0,20605.2,-699.23
19647.0,18663.0,983.916
19986.7,19623.9,362.824
20128.0,19951.0,176.971
20496.8,20278.1,218.711
20599.7,20911.9,-312.127
20827.3,21566.1,-738.744
21181.2,22199.8,-1018.68
21454.2,22854.0,-1399.89
19938.7,19317.2,621.496
20325.6,19951.0,374.564
20742.4,20278.1,464.287
21414.9,21893.2,-478.285
21774.6,22363.4,-588.805
22312.5,23181.2,-868.641
22551.6,23487.8,-936.242
22871.9,23814.9,-942.971
20868.1,20605.2,262.912
21588.4,21239.0,349.463
21893.6,21893.2,0.392578
22440.6,22526.9,-86.3496
22742.5,23181.2,-438.637
23308.1,23814.9,-506.793
22733.8,22854.0,-120.223
23186.9,23181.2,5.75781
23657.7,23814.9,-157.217
24091.9,24142.0,-50.1582
24563.8,24469.1,94.6465
23202.6,23487.8,-285.193
23794.0,23814.9,-20.9082
23582.1,23487.8,94.2637
24497.2,24142.0,355.221
25150.0,24469.1,680.93
25989.0,24775.8,1213.25
24525.0,24142.0,382.959
25458.6,24469.1,989.518
26471.1,24775.8,1695.35
20440.2,20815.9,-375.748
21233.1,22103.9,-870.781
21446.8,22103.9,-657.074
20117.8,20024.8,93.0176
20335.3,20822.1,-486.83
20579.0,20985.7,-406.676
20985.1,21619.5,-634.363
21351.1,22273.7,-922.545
21071.4,21639.9,-568.455
21460.1,22273.7,-813.543
19802.3,19989.6,-187.293
20171.1,20786.9,-615.766
20891.6,21604.6,-712.984
21414.4,22238.4,-823.957
19836.8,20122.8,-285.945
20375.8,20920.1,-544.268
20546.4,21083.6,-537.221
20964.5,21717.4,-752.875
19913.9,19957.4,-43.4688
20390.0,20754.7,-364.734
20968.5,21552.0,-583.533
21420.3,22206.2,-785.955
19938.9,19919.0,19.9141
20825.7,20879.8,-54.1348
21526.0,21513.6,12.3613
21458.8,21534.0,-75.2148
22101.1,22167.8,-66.75
20375.0,20620.1,-245.092
21598.2,22071.6,-473.443
19860.5,19902.0,-41.5586
20476.5,20699.4,-222.887
20691.5,20862.9,-171.373
21196.4,21496.7,-300.285
18364.3,17086.8,1277.57
18626.5,17413.9,1212.68
19633.4,19356.0,277.361
19923.2,20153.4,-230.189
20087.6,19989.8,97.8105
20479.1,20480.5,-1.40039
20940.6,21277.8,-337.213
20797.9,21607.6,-809.684
22650.8,23529.3,-878.545
21095.8,21280.5,-184.691
21479.5,21771.2,-291.691
21617.6,21934.7,-317.076
19999.8,20187.1,-187.309
20281.3,20575.5,-294.234
20667.0,20984.4,-317.416
21192.4,21781.7,-589.332
21468.9,22190.6,-721.707
20509.2,20984.4,-475.229
21167.1,21781.7,-614.562
21458.0,22190.6,-732.568
22121.6,22783.5,-661.9
22427.4,22987.9,-560.52
22906.9,23396.8,-489.846
22180.7,22783.5,-602.727
22706.3,23192.3,-486.02
23654.2,23744.3,-90.0938
23882.0,23907.9,-25.8848
24067.2,24030.5,36.627
22863.1,23192.3,-329.227
24148.7,23907.9,240.846
19705.9,20225.7,-519.789
20025.5,20614.1,-588.592
20457.9,21023.0,-565.15
20812.1,21411.5,-599.357
21099.2,21820.3,-721.143
21375.7,22229.2,-853.518
21556.6,22433.6,-877.006
21619.2,22515.4,-896.256
20190.7,21023.0,-832.336
21996.9,22822.1,-825.213
22299.1,23026.5,-727.453
22673.7,23231.0,-557.248
22789.5,23333.2,-543.715
22891.5,23435.4,-543.896
22587.1,23231.0,-643.898
23137.3,23517.2,-379.855
23544.5,23783.0,-238.463
23816.0,23946.5,-130.488
23464.6,23619.4,-154.828
24198.5,23987.4,211.078
19983.4,20331.0,-347.562
20372.3,20719.4,-347.174
20882.9,21128.3,-245.445
21105.8,21516.7,-410.994
21292.9,21925.6,-632.762
21499.1,22334.5,-835.447
20498.6,21128.3,-629.674
21644.5,22334.5,-689.979
22182.3,22927.4,-745.121
22374.3,23131.8,-757.477
22644.9,23336.3,-691.367
21496.6,22334.5,-837.947
22179.8,22927.4,-747.531
22750.0,23336.3,-586.225
23540.8,23888.2,-347.445
22785.0,23336.3,-551.215
23535.6,23724.7,-189.074
24196.6,24051.8,144.814
19445.7,19837.2,-391.475
19920.3,20450.5,-530.223
20285.2,20839.0,-553.762
20625.3,21247.9,-622.545
21290.7,22045.2,-754.422
21613.1,22454.0,-840.896
20413.0,21247.9,-834.84
21088.1,22045.2,-957.078
22677.6,23558.0,-880.377
21581.8,22454.0,-872.225
22810.4,23455.8,-645.439
23260.4,23742.0,-481.662
23583.8,24171.3,-587.568
22940.3,23455.8,-515.484
24204.1,24171.3,32.7402
19696.3,19876.3,-180.041
20396.3,20878.1,-481.721
20971.5,21675.4,-703.91
21299.5,22084.2,-784.707
21625.1,22493.1,-868.035
20534.9,21286.9,-752.059
21233.0,22084.2,-851.297
22588.5,23290.4,-701.984
22766.5,23494.9,-728.422
21852.3,22493.1,-640.871
22552.4,23086.0,-533.611
23373.0,23494.9,-121.879
23957.3,23883.3,73.9414
20292.2,20148.8,143.469
20602.7,20537.2,65.5508
21135.2,21334.5,-199.332
20679.7,20946.1,-266.42
21354.9,21743.4,-388.492
21759.9,22152.3,-392.369
22279.8,22745.1,-465.363
22399.1,22949.6,-550.461
22507.0,23154.0,-647.01
22557.7,23256.2,-698.564
22629.9,23358.5,-728.578
22277.9,22745.1,-467.246
22690.7,23154.0,-463.303
23321.7,23869.6,-547.85
23840.4,24360.2,-519.855
23443.6,23542.5,-98.8164
19648.3,19879.8,-231.484
20675.5,21290.4,-614.961
20974.3,21678.8,-704.57
21184.9,22087.7,-902.822
21467.4,22496.6,-1029.19
20401.2,21290.4,-889.24
21531.6,22496.6,-965.059
22838.0,23498.4,-660.342
21445.9,22496.6,-1050.72
22157.5,23089.5,-932.014
23357.7,23784.6,-426.836
23878.1,24050.3,-172.258
22883.7,23498.4,-614.648
23550.2,23886.8,-336.59
20916.2,21261.3,-345.107
21152.9,21649.8,-496.846
21355.7,22058.6,-702.912
21576.4,22467.5,-891.088
21332.7,22058.6,-725.932
22268.2,23060.4,-792.232
22604.0,23264.8,-660.869
22877.9,23469.3,-591.414
24305.1,24184.8,120.24
19536.2,19827.2,-291.062
19951.0,20440.6,-489.609
20287.7,20829.0,-541.311
20698.8,21237.9,-539.131
21472.2,22444.1,-971.879
21679.3,22648.5,-969.227
20338.7,21237.9,-899.182
21461.3,22444.1,-982.811
22188.6,23036.9,-848.307
22429.8,23241.4,-811.604
22728.0,23445.8,-717.84
21419.7,22444.1,-1024.36
22153.7,23036.9,-883.277
22796.7,23445.8,-649.178
23309.5,23732.0,-422.594
23729.7,23997.8,-268.154
24019.2,24161.4,-142.16
24224.4,24161.4,63.0391
21835.6,22579.0,-743.459
24183.3,24153.2,30.0605
21733.9,22617.6,-883.76
24009.7,24069.2,-59.4863
24203.6,24191.8,11.8008
21655.0,22538.9,-883.91
21821.9,22722.9,-901.018
22034.6,22927.4,-892.779
20209.5,20719.4,-509.959
21125.6,21925.6,-800.033
23946.2,24174.5,-228.209
24066.5,24297.1,-230.627
21717.8,22658.5,-940.725
22831.9,23844.2,-1012.32
22954.4,24007.8,-1053.42
23013.8,24171.3,-1157.59
23763.7,24416.7,-652.988
20246.0,20878.1,-632.051
22859.7,23699.3,-839.619
22966.4,23883.3,-916.889
21346.7,22084.2,-737.582
22848.1,23086.0,-237.857
21746.1,22152.3,-406.145
21892.9,22356.7,-463.852
20339.8,20537.2,-197.389
21034.1,21334.5,-300.377
22693.6,23542.5,-848.822
22869.1,23869.6,-1000.47
21266.6,21743.4,-476.791
23542.3,24114.9,-572.592
22414.6,22745.1,-330.578
24099.5,24114.9,-15.3633
24095.9,24196.7,-100.809
24303.9,24360.2,-56.3125
25195.1,24585.1,610.031
21640.5,22701.0,-1060.58
21808.2,22885.0,-1076.85
21985.6,23089.5,-1103.85
22773.0,23498.4,-725.395
22785.6,23498.4,-712.758
22995.8,23600.6,-604.746
22899.3,23600.6,-701.254
21049.4,22087.7,-1038.36
24033.7,24050.3,-16.6074
24190.5,24213.9,-23.4082
24278.3,24213.9,64.4336
24217.4,24213.9,3.4668
24390.6,24336.6,54.0059
24663.3,24459.2,204.113
22296.5,23089.5,-793.012
24419.0,24213.9,205.119
25079.5,24541.0,538.488
19926.5,20464.0,-537.529
23072.3,23673.7,-601.453
21131.3,22058.6,-927.355
24255.5,24307.5,-51.9766
22361.3,23060.4,-699.113
20059.0,20829.0,-770.006
22993.2,23650.3,-657.064
24147.8,24284.0,-136.205
21568.4,21392.5,175.957
20995.8,20595.2,400.688
21863.6,21801.4,62.207
22099.5,22210.2,-110.758
22564.1,22803.1,-238.988
22999.6,23212.0,-212.398
23094.8,23314.2,-219.363
22216.9,22210.2,6.71094
22224.4,22210.2,14.1523
23039.0,23007.5,31.4375
22925.0,23007.5,-82.5977
23383.0,23416.4,-33.3867
23779.6,23600.4,179.209
23919.5,23764.0,155.479
23021.0,23007.5,13.416
22135.2,22210.2,-75.0762
23718.2,23416.4,301.727
24587.0,23927.5,659.459
24585.0,24050.2,534.855
19242.1,18267.2,974.918
20117.9,19657.4,460.525
20883.0,21068.0,-185.01
21524.9,21865.4,-340.406
21820.6,22274.2,-453.598
21307.2,21456.5,-149.301
21731.5,21865.4,-133.875
22070.0,22274.2,-204.195
22620.1,22867.1,-247.055
23091.0,23378.2,-287.238
21004.8,21068.0,-63.2109
22158.7,22274.2,-115.52
22932.2,23071.6,-139.4
23992.3,23828.0,164.357
21833.3,22274.2,-440.957
23170.0,23071.6,98.4785
24594.7,24114.2,480.467
18840.1,18207.0,633.145
20421.7,20210.5,211.252
21688.1,22214.0,-525.887
20746.9,20598.9,147.994
21212.3,21396.2,-183.947
21907.6,22214.0,-306.41
22403.2,22806.9,-403.633
22910.2,23215.8,-305.508
23005.1,23318.0,-312.84
20979.0,21007.8,-28.8535
22810.6,23011.3,-200.693
23187.3,23420.2,-232.92
23688.1,23604.2,83.8887
23657.6,23420.2,237.4
24393.4,24054.0,339.48
19885.3,20412.1,-526.791
20089.7,20800.5,-710.861
20297.4,21209.4,-911.967
20692.1,22006.7,-1314.6
21384.1,23008.5,-1624.32
21642.9,23417.3,-1774.44
21799.3,23621.8,-1822.44
20635.7,21597.8,-962.145
20208.4,20800.5,-592.072
20711.5,21597.8,-886.352
21004.7,22006.7,-1001.99
21357.0,22415.6,-1058.56
21901.9,23008.5,-1106.59
22255.6,23417.3,-1161.78
22604.0,23805.8,-1201.78
22782.6,23969.3,-1186.73
22887.4,24132.9,-1245.52
21568.6,22415.6,-846.969
21416.0,22415.6,-999.559
22303.2,23212.9,-909.693
22656.1,23621.8,-965.664
23191.0,23969.3,-778.354
22465.8,23212.9,-747.117
23676.6,24132.9,-456.252
24596.5,24623.5,-27.0293
19349.1,19044.8,304.258
19267.4,19044.8,222.617
19592.4,19637.7,-45.2832
19863.5,20251.0,-387.537
20040.1,20639.4,-599.363
20214.3,21048.3,-833.992
20749.1,21845.6,-1096.51
21001.8,22254.5,-1252.65
21242.6,22642.9,-1400.31
21681.0,23256.3,-1575.3
20194.4,20639.4,-445.018
20742.2,21436.7,-694.535
21049.4,21845.6,-796.236
21421.8,22254.5,-832.686
21950.5,22847.4,-896.869
22620.3,23644.7,-1024.36
22791.2,23808.2,-1017.06
22966.7,23971.8,-1005.06
22787.4,23460.7,-673.326
23314.4,23808.2,-493.797
23624.4,24094.5,-470.018
23094.4,23460.7,-366.264
23746.8,23971.8,-224.996
23953.8,24094.5,-140.707
19794.4,19822.0,-27.6367
20246.6,20823.8,-577.18
20461.4,21232.7,-771.303
20901.8,22030.0,-1128.18
21118.1,22438.9,-1320.73
21327.3,22827.3,-1500.0
21425.3,23031.7,-1606.49
21724.7,23440.6,-1715.93
20468.0,20823.8,-355.809
20940.6,21621.1,-680.543
21227.8,22030.0,-802.184
21623.0,22438.9,-815.836
22459.7,23440.6,-980.889
22821.6,23829.1,-1007.42
21793.2,22438.9,-645.709
23020.8,23645.1,-624.266
23362.1,23829.1,-466.934
23573.8,23992.6,-418.762
23378.6,23645.1,-266.438
24090.8,24156.2,-65.3223
24219.7,24278.8,-59.0938
18536.4,18210.1,326.328
19796.6,19600.3,196.316
20110.4,20155.0,-44.584
20529.5,20952.3,-422.854
20987.3,21749.6,-762.371
21552.4,22547.0,-994.504
21689.8,22751.4,-1061.62
21309.7,21749.6,-439.971
21705.6,22158.5,-452.881
22126.3,22751.4,-625.055
23088.1,23548.7,-460.598
21457.7,21749.6,-291.975
22554.5,22955.8,-401.303
23829.4,23712.3,117.096
23425.5,23364.7,60.7578
23888.3,23548.7,339.572
24639.1,23998.5,640.637
24808.0,24121.1,686.91
19981.9,20042.7,-60.8027
18455.1,18039.2,415.893
19680.7,19429.4,251.227
20079.3,20042.7,36.6016
20183.5,20431.2,-247.684
20240.2,20431.2,-190.939
20436.8,20840.1,-403.303
20948.0,21637.4,-689.391
21206.7,22046.2,-839.596
21210.1,22046.2,-836.191
21455.0,22434.7,-979.662
21588.1,22639.1,-1051.06
21593.9,22639.1,-1045.21
21778.8,22843.6,-1064.75
21887.6,23048.0,-1160.41
20824.4,21228.5,-404.053
21138.1,21637.4,-499.264
21724.3,22434.7,-710.359
20403.1,20431.2,-28.082
21162.8,21637.4,-474.555
21239.5,21637.4,-397.854
21632.0,22046.2,-414.268
22138.1,22639.1,-501.064
22471.1,23048.0,-576.922
22608.1,23048.0,-439.949
22934.2,23436.4,-502.199
23175.1,23600.0,-424.936
21304.2,21637.4,-333.16
21525.5,22046.2,-520.771
22209.1,22639.1,-430.047
21368.0,21637.4,-269.42
21368.9,21637.4,-268.447
21699.4,22046.2,-346.891
22463.7,22843.6,-379.818
22597.6,22843.6,-245.934
22518.6,22843.6,-324.941
23674.5,23600.0,74.4648
23744.5,23600.0,144.52
23633.3,23600.0,33.3066
24041.2,23886.2,154.969
24225.9,23886.2,339.645
24305.7,24008.9,296.867
22746.7,22843.6,-96.8555
23291.3,23252.4,38.8086
24132.2,23763.5,368.621
24418.7,23886.2,532.496
24657.4,24090.6,566.725
24603.0,24090.6,512.402
24166.0,23600.0,566.053
24685.7,24008.9,676.877
18698.2,18273.9,424.273
20068.8,19664.1,404.689
20368.5,20277.4,91.0723
20651.2,21074.7,-423.562
21311.9,21872.0,-560.189
21577.4,22280.9,-703.502
21805.5,22669.4,-863.822
20634.6,20665.9,-31.2656
21159.0,21463.2,-304.127
21836.1,22280.9,-444.771
22298.7,22873.8,-575.131
22670.2,23282.7,-612.5
21132.9,21074.7,58.1523
21683.0,21872.0,-189.027
22031.7,22280.9,-249.184
22630.7,23078.2,-447.52
23074.7,23487.1,-412.416
23571.8,23671.1,-99.3066
23748.1,23834.7,-86.5547
21835.3,22280.9,-445.6
22714.3,23078.2,-363.951
23377.0,23487.1,-110.129
24462.0,23998.2,463.764
20796.1,20213.5,582.637
21404.4,21031.2,373.137
21487.4,21031.2,456.207
21948.0,21849.0,99.0234
21996.9,21849.0,147.941
22364.3,22666.8,-302.463
22419.7,22666.8,-247.082
22805.5,23075.6,-270.145
22364.3,22730.3,-365.982
22216.6,22730.3,-513.662
22659.7,23139.2,-479.5
22705.8,23139.2,-433.35
23197.8,23956.9,-759.152
21188.4,21427.1,-238.695
21996.9,22244.8,-247.908
22315.4,22653.7,-338.35
21972.0,22653.7,-681.705
22266.5,23062.6,-796.148
22413.2,23471.5,-1058.27
22462.1,23471.5,-1009.35
22854.4,23880.4,-1025.96
20352.2,19886.5,465.672
21284.4,21522.0,-237.615
22521.2,23157.5,-636.311
18709.6,18645.7,63.8984
19325.3,19034.1,291.193
20263.7,20444.8,-181.055
20751.7,21037.7,-285.938
21280.8,21446.5,-165.752
21648.1,21855.4,-207.279
18396.5,17366.7,1029.79
19207.1,18184.5,1022.6
19495.8,19186.2,309.594
19899.6,19574.7,324.92
20136.6,19779.1,357.504
20547.2,20188.0,359.197
21252.5,20985.3,267.182
20440.3,20576.4,-136.133
22774.3,23193.3,-418.967
22029.7,22395.9,-366.248
22469.6,22784.4,-314.791
22918.5,23193.3,-274.725
23393.4,23581.7,-188.338
23864.8,23908.8,-44.0195
22473.3,22784.4,-311.113
22981.2,23193.3,-212.07
24169.6,23908.8,260.812
25214.1,24460.8,753.309
20572.4,19873.0,699.406
21293.6,20895.2,398.381
21525.7,21304.1,221.568
21473.6,20895.2,578.359
22325.4,22530.7,-205.348
22748.4,23144.1,-395.641
21178.7,20895.2,283.498
21943.0,21713.0,230.055
22425.6,22530.7,-105.17
23565.7,23757.4,-191.688
22256.3,22530.7,-274.477
23102.8,23348.5,-245.652
24202.7,23961.8,240.889
24636.0,24288.9,347.088
24984.6,24616.0,368.609
20328.1,19900.2,427.926
20830.2,20922.4,-92.2148
21054.4,21331.3,-276.898
21227.4,21740.1,-512.777
21465.6,22149.0,-683.441
20077.8,19900.2,177.66
20933.9,20922.4,11.4805
21672.0,21740.1,-68.127
21934.3,21740.1,194.145
22662.0,22557.9,104.078
23701.0,23784.5,-83.498
22765.9,22557.9,208.004
23483.9,23375.7,108.203
24392.1,23989.0,403.115
19655.0,18882.6,772.396
20530.3,19904.8,625.488
21720.1,20927.0,793.129
22024.1,21744.7,279.416
22445.1,22562.5,-117.424
22813.9,23175.8,-361.941
21172.9,20927.0,245.922
22621.3,22562.5,58.8457
23221.4,23380.2,-158.885
23930.5,23789.1,141.418
21872.0,22153.6,-281.65
22381.1,22562.5,-181.34
22736.5,22971.4,-234.867
23366.8,23380.2,-13.4668
24571.2,23993.6,577.596
24940.9,24320.7,620.25
19887.5,19682.2,205.35
20540.8,21113.3,-572.455
20712.4,21522.1,-809.752
21031.2,22339.9,-1308.71
21349.7,22953.2,-1603.5
20513.5,20704.4,-190.896
20974.0,21522.1,-548.162
21949.9,22953.2,-1003.33
22270.6,23362.1,-1091.49
22531.8,23157.7,-625.83
22916.0,23566.5,-650.52
23455.7,23934.5,-478.84
24084.4,24343.4,-258.994
21856.9,22339.9,-483.0
22732.2,23157.7,-425.412
23577.6,23771.0,-193.33
24151.6,24098.1,53.5566
24959.3,24425.2,534.172
18776.4,18483.2,293.111
19840.3,19505.4,334.852
20375.9,20527.6,-151.709
20711.6,21345.4,-633.797
21043.3,22163.2,-1119.88
21307.9,22572.0,-1264.1
19770.6,19505.4,265.18
20562.4,20527.6,34.8066
21005.1,21345.4,-340.25
21528.3,22163.2,-634.857
21994.4,22776.5,-782.023
22535.2,23389.8,-854.592
21897.5,22163.2,-265.639
22552.6,22980.9,-428.354
22973.1,23389.8,-416.719
24006.8,24044.0,-37.2344
22757.2,22980.9,-223.75
23612.3,23594.2,18.0273
24146.1,23921.3,224.729
25049.3,24248.4,800.818
18635.4,18834.5,-199.102
19300.5,19856.7,-556.18
20673.6,21287.7,-614.104
20827.8,21696.6,-868.832
20938.4,22105.5,-1167.05
21269.7,22923.3,-1653.59
21379.9,23127.7,-1747.83
19646.6,19856.7,-210.092
20554.1,20878.9,-324.75
21068.8,21696.6,-627.795
21466.7,22514.4,-1047.65
21799.1,23127.7,-1328.58
22198.7,23536.6,-1337.84
22369.2,23741.0,-1371.82
21220.0,21696.6,-476.574
21891.9,22514.4,-622.453
22482.9,23332.1,-849.246
21921.0,22514.4,-593.398
24118.4,24272.6,-154.113
24927.9,24599.7,328.27
20320.2,19811.1,509.176
20667.6,20833.3,-165.68
20840.9,21242.2,-401.229
20984.0,21651.0,-667.033
21273.9,22468.8,-1194.85
20323.6,19811.1,512.57
21414.1,21651.0,-236.895
21922.6,22468.8,-546.143
22767.2,23082.1,-314.902
22762.2,22468.8,293.383
23718.8,23695.4,23.3887
23609.6,23286.5,323.014
24295.3,23899.9,395.393
24983.5,24227.0,756.547
20627.1,20385.4,241.695
20960.2,21203.2,-242.924
21322.8,22020.9,-698.115
19990.3,19363.2,627.148
22300.2,22020.9,279.342
22777.2,22634.2,143.016
20604.3,20385.4,218.947
21889.9,21203.2,686.764
22718.0,22020.9,697.068
23216.8,22838.7,378.119
22387.6,21612.0,775.539
22722.0,22020.9,701.068
23307.1,22838.7,468.389
24134.5,23452.0,682.494
19787.7,18833.2,954.525
20363.4,19855.4,507.977
20779.0,20877.6,-98.543
21275.6,22104.2,-828.619
21526.8,22513.1,-986.291
21080.4,20877.6,202.797
21595.1,21695.3,-100.191
22442.4,22513.1,-70.7168
23022.4,22513.1,509.338
23808.5,23739.7,68.7695
23185.8,22513.1,672.742
24276.1,23944.2,331.928
24035.0,26816.5,-2781.56
24523.2,27409.4,-2886.22
24967.2,27736.5,-2769.32
26468.9,28288.5,-1819.64
26568.3,27736.5,-1168.19
27194.6,28145.4,-950.809
27598.6,28288.5,-689.934
28234.1,28411.2,-177.068
29130.6,28288.5,842.057
30084.9,28533.8,1551.1
30277.0,28615.6,1661.42
30689.6,28533.8,2155.79
31216.7,28615.6,2601.1
24059.8,26896.9,-2837.1
24792.1,27489.7,-2697.65
25847.0,28225.7,-2378.76
26467.8,28368.8,-1901.03
26416.1,27816.8,-1400.77
27426.4,28225.7,-799.342
27818.6,28368.8,-550.197
28083.0,28491.5,-408.471
28845.0,28614.2,230.848
29988.4,28614.2,1374.28
30619.6,28695.9,1923.66
31024.9,28757.3,2267.65
31766.8,28695.9,3070.89
23385.5,27355.7,-3970.23
25116.6,28275.7,-3159.14
26186.7,28684.6,-2497.91
26873.8,28827.7,-1953.87
27131.5,28684.6,-1553.1
27755.4,28827.7,-1072.28
28506.8,28950.4,-443.527
29046.8,29073.0,-26.2578
28487.7,28827.7,-339.988
29225.4,28950.4,275.047
29759.2,29073.0,686.154
31183.5,29216.1,1967.41
31249.1,29154.8,2094.33
31176.2,29154.8,2021.37
24379.0,27984.9,-3605.95
24866.3,28312.0,-3445.69
26076.4,28720.9,-2644.55
26850.4,28864.0,-2013.6
27030.6,28720.9,-1690.31
27583.9,28864.0,-1280.11
28526.9,28986.7,-459.799
29211.7,29109.4,102.334
28086.2,28720.9,-634.721
28617.0,28864.0,-246.986
30773.5,29191.1,1582.37
31444.9,29252.5,2192.42
29687.2,28986.7,700.504
31179.9,29191.1,1988.81
31198.4,29191.1,2007.28
24590.8,27237.6,-2646.78
25040.0,27564.7,-2524.72
26431.1,28116.7,-1685.57
26703.0,28239.3,-1536.34
26036.1,27564.7,-1528.54
26871.8,27973.6,-1101.78
27364.8,28116.7,-751.873
28242.1,28239.3,2.75
28915.4,28362.0,553.391
28523.1,28116.7,406.42
29196.0,28239.3,956.664
29921.9,28362.0,1559.87
30838.2,28443.8,2394.4
31591.8,28505.1,3086.68
31296.8,28443.8,2853.08
23531.3,26618.5,-3087.14
24405.4,27211.3,-2805.95
24900.3,27538.4,-2638.19
25774.7,27947.3,-2172.57
26467.6,28090.4,-1622.84
25885.5,27538.4,-1652.91
26884.6,27947.3,-1062.74
28082.2,28213.1,-130.883
28962.5,28335.8,626.789
30691.8,28417.5,2274.25
31372.1,28478.9,2893.21
30989.7,28417.5,2572.18
23157.6,26969.2,-3811.59
24229.2,27562.1,-3332.86
25920.5,28298.0,-2377.58
27797.1,28563.8,-766.764
28828.1,28563.8,264.289
29679.7,28686.5,993.262
30422.7,28768.2,1654.41
31143.6,28829.6,2313.98
30174.7,28686.5,1488.24
30701.4,28768.2,1933.16
30729.8,28768.2,1961.55
23025.9,26756.9,-3730.98
26664.8,28228.9,-1564.07
25621.4,27676.9,-2055.52
26896.3,28085.8,-1189.46
28416.3,28351.5,64.7383
28347.0,28228.9,118.164
29161.2,28351.5,809.709
30025.4,28474.2,1551.16
30544.7,28556.0,1988.76
31371.7,28617.3,2754.37
31054.2,28556.0,2498.27
31104.8,28556.0,2548.79
23479.4,26593.3,-3113.88
24442.4,27186.1,-2743.73
24922.0,27513.2,-2591.21
25786.3,27922.1,-2135.78
26285.7,28065.2,-1779.52
25802.4,27513.2,-1710.88
27125.2,28065.2,-940.072
27765.8,28187.9,-422.043
28493.3,28310.6,182.791
28410.7,28065.2,345.459
28939.5,28187.9,751.6
29461.8,28310.6,1151.25
30982.7,28453.7,2528.99
30477.7,28392.3,2085.35
23663.0,26616.7,-2953.77
24900.8,27536.7,-2635.93
26648.5,28088.7,-1440.21
28126.2,28211.4,-85.1719
28815.1,28334.0,481.068
28361.7,28088.7,272.971
29134.5,28211.4,923.148
30614.0,28415.8,2198.19
31183.7,28477.1,2706.53
31004.8,28415.8,2588.96
24913.2,28066.4,-3153.13
25739.2,28475.2,-2736.01
26027.0,28066.4,-2039.37
27543.7,28618.3,-1074.67
29216.5,28863.7,352.82
29170.4,28741.0,429.402
29864.8,28863.7,1001.16
30273.4,28863.7,1409.74
30963.2,28945.5,2017.77
30981.3,28945.5,2035.88
23730.4,26873.1,-3142.79
24628.1,27466.0,-2837.88
25026.0,27793.1,-2767.12
25845.7,28202.0,-2356.33
26393.8,28345.1,-1951.35
26057.4,27793.1,-1735.75
26997.5,28202.0,-1204.47
27339.3,28345.1,-1005.77
27920.0,28467.8,-547.793
29097.1,28590.4,506.646
28940.1,28467.8,472.354
30784.4,28672.2,2112.14
31084.0,28672.2,2411.82
23780.1,26702.0,-2921.86
24622.9,27294.9,-2672.0
25199.2,27622.0,-2422.79
26955.2,28174.0,-1218.82
26130.0,27622.0,-1492.0
26999.2,28030.9,-1031.69
27578.4,28174.0,-595.572
28445.6,28296.6,148.967
29038.9,28419.3,619.607
28608.4,28174.0,434.408
31195.8,28562.4,2633.35
30704.6,28501.1,2203.5
31100.6,28501.1,2599.57
24606.1,27393.3,-2787.17
26351.9,28129.3,-1777.38
25947.8,27720.4,-1772.6
26949.6,28129.3,-1179.73
27337.8,28272.4,-934.576
28364.5,28395.1,-30.5137
29055.4,28517.7,537.719
28554.7,28272.4,282.266
29195.1,28395.1,800.049
29792.4,28517.7,1274.67
31082.6,28660.8,2421.75
30939.8,28599.5,2340.31
31251.0,28599.5,2651.49
19057.5,20769.4,-1711.9
20740.2,23181.8,-2441.58
21852.8,24367.5,-2514.78
22137.1,24572.0,-2434.87
23056.2,25185.3,-2129.09
24410.2,25696.4,-1286.18
25078.4,25941.7,-863.354
25690.3,26105.3,-414.973
26377.2,26248.4,128.854
25924.6,26105.3,-180.686
26627.6,26248.4,379.186
27969.5,26493.7,1475.77
27692.3,26371.0,1321.29
28411.7,26493.7,1917.99
30199.0,26636.8,3562.18
29815.9,26575.5,3240.44
18990.2,20637.3,-1647.13
19581.6,21843.5,-2261.95
20207.1,21843.5,-1636.45
20469.3,23049.7,-2580.39
20598.7,23438.1,-2839.44
21840.7,24439.9,-2599.16
22880.5,25053.2,-2172.73
23764.2,25400.8,-1636.6
24107.1,25564.3,-1457.17
23782.9,25237.2,-1454.27
24138.3,25400.8,-1262.45
25176.2,25809.6,-633.412
25808.5,25973.2,-164.645
26320.3,26116.3,203.965
26030.3,25973.2,57.0859
26628.5,26116.3,512.211
28766.4,26443.4,2323.01
27767.8,26239.0,1528.86
28656.4,26361.6,2294.75
29377.5,26443.4,2934.12
31347.2,26545.6,4801.62
29707.7,26443.4,3264.3
18452.3,20420.1,-1967.77
19698.7,21626.3,-1927.58
20452.6,22832.5,-2379.94
21648.6,24018.2,-2369.67
20503.0,23220.9,-2717.97
22728.7,24836.0,-2107.3
23973.8,25347.1,-1373.25
23439.1,25020.0,-1580.85
24239.7,25347.1,-1107.38
25986.1,25756.0,230.152
26519.1,25899.1,620.002
25922.5,25756.0,166.502
27494.7,26021.7,1472.9
28642.4,26144.4,2498.02
27934.7,26021.7,1912.96
29080.4,26144.4,2936.0
30965.7,26287.5,4678.2
30206.9,26226.2,3980.68
31587.6,26287.5,5300.03
19094.9,20618.5,-1523.66
19730.2,21824.7,-2094.48
20753.7,23030.9,-2277.26
21510.8,23828.2,-2317.42
21774.0,24216.7,-2442.64
22164.2,24421.1,-2256.94
22764.0,24830.0,-2065.96
23079.4,25034.4,-1955.05
24146.4,25545.5,-1399.16
23221.3,25034.4,-1813.09
23660.1,25218.4,-1558.33
24101.0,25382.0,-1280.99
25097.6,25790.8,-693.266
25822.9,25954.4,-131.469
26309.7,26097.5,212.244
26968.7,26179.3,789.396
26611.0,26097.5,513.527
26643.4,26097.5,545.902
29215.3,26424.6,2790.71
28471.5,26342.8,2128.71
30168.3,26485.9,3682.38
31203.0,26485.9,4717.02
19163.9,20602.8,-1438.88
20788.3,23015.2,-2226.88
21823.3,24200.9,-2377.6
21665.3,23403.6,-1738.32
22212.8,24405.4,-2192.56
23324.5,25018.7,-1694.23
23973.7,25529.8,-1556.14
23534.6,25202.7,-1668.04
24978.6,25775.1,-796.539
25778.0,25938.7,-160.705
26024.3,25938.7,85.623
26572.9,26081.8,491.125
27374.2,26204.4,1169.74
27538.2,26204.4,1333.73
29068.2,26327.1,2741.08
30118.7,26408.9,3709.79
31315.5,26470.2,4845.33
31022.4,26408.9,4613.48
31976.5,26470.2,5506.3
20294.5,21889.1,-1594.63
21535.1,24281.0,-2745.95
20659.7,23483.7,-2824.0
22132.0,24485.5,-2353.51
23073.0,25098.8,-2025.74
24121.9,25609.9,-1487.94
23721.0,25282.8,-1561.75
24541.2,25609.9,-1068.65
25134.9,25855.2,-720.291
26266.6,26161.9,104.742
26668.9,26243.6,425.234
28098.7,26284.5,1814.21
28215.7,26407.2,1808.5
27748.9,26284.5,1464.32
28732.6,26407.2,2325.43
29660.1,26489.0,3171.16
30258.6,26550.3,3708.27
19380.2,19965.3,-585.096
20533.7,21375.9,-842.188
22198.4,23175.0,-976.531
22329.1,23175.0,-845.873
22789.0,23583.8,-794.816
22960.4,23788.3,-827.908
23245.0,23972.3,-727.301
23442.7,24135.8,-693.139
23675.0,24299.4,-624.338
23865.6,24422.0,-556.393
24087.2,24544.7,-457.502
23357.4,23972.3,-614.828
23975.9,24299.4,-323.424
24787.5,24708.3,79.2402
25140.5,24851.4,289.17
24238.3,24299.4,-61.0547
24789.7,24544.7,245.033
25210.1,24708.3,501.881
26038.1,24974.0,1064.04
25550.2,24708.3,841.904
25970.9,24851.4,1119.59
19542.6,19939.7,-397.111
21359.1,21738.8,-379.701
22125.0,23149.4,-1024.49
21690.1,22556.6,-866.518
21662.3,22556.6,-894.279
22550.4,23558.3,-1007.88
22881.4,23762.8,-881.398
23567.7,24110.3,-542.594
23930.6,24273.9,-343.215
22722.3,23558.3,-836.059
23333.6,23946.8,-613.15
23968.7,24273.9,-305.172
24624.3,24519.2,105.143
25934.0,24825.8,1108.14
26491.0,24948.5,1542.46
25600.4,24682.7,917.623
18399.3,16097.3,2302.05
18439.8,16424.4,2015.45
18976.2,17712.4,1263.8
19746.5,20288.3,-541.818
19506.7,20615.4,-1108.73
20816.2,21249.2,-432.99
21520.1,21903.4,-383.232
22413.8,22864.2,-450.395
23036.1,23498.0,-461.924
20749.4,20234.3,515.031
21222.8,20541.0,681.799
21410.0,20868.1,541.92
21710.0,21358.8,351.285
21712.7,21522.3,190.43
22000.0,21992.5,7.45898
22438.6,22646.7,-208.141
21934.9,21992.5,-57.6133
22298.3,22646.7,-348.438
21153.7,20577.6,576.064
21475.8,21068.2,407.551
21331.0,20904.7,426.303
21846.7,21865.6,-18.8438
21605.2,21558.9,46.3105
21931.9,22029.1,-97.25
22504.0,22683.3,-179.293
23353.8,23317.1,36.7637
21562.8,21558.9,3.94531
21890.4,22029.1,-138.693
20570.8,20336.5,234.396
20908.5,20643.1,265.414
21218.7,21133.8,84.9355
21269.9,21460.9,-190.932
21927.1,22258.2,-331.088
21259.8,21624.4,-364.596
21799.7,22094.6,-294.938
22434.4,22748.8,-314.4
22991.4,23075.9,-84.5352
21266.8,21624.4,-357.58
21635.4,22094.6,-459.232
22061.5,22748.8,-687.291
21111.8,20693.4,418.338
21379.0,21020.5,358.432
22046.3,22308.5,-262.234
20102.1,20280.2,-178.109
20449.8,20586.9,-137.141
20995.3,21077.6,-82.2578
20615.5,20914.0,-298.527
21174.1,21404.7,-230.539
21504.4,21874.9,-370.461
21816.7,22202.0,-385.242
21184.1,21568.2,-384.162
21438.4,21874.9,-436.439
22273.7,22692.6,-418.979
22907.9,23162.8,-254.918
21031.5,21449.7,-418.176
22344.9,22574.1,-229.168
20402.1,20468.3,-66.252
21074.1,20959.0,115.129
20824.2,20795.5,28.7188
21338.3,21286.1,52.168
21895.1,22083.4,-188.295
22357.0,22574.1,-217.076
21542.8,21449.7,93.166
22150.4,22574.1,-423.643
20572.9,20578.7,-5.82031
21004.9,21069.3,-64.4277
21114.4,21396.4,-282.031
21487.6,21866.6,-379.035
21124.8,21560.0,-435.191
21682.3,22030.2,-347.912
22189.5,23011.5,-822.031
21059.4,21560.0,-500.631
21444.5,22030.2,-585.678
21892.5,22684.4,-791.857
22187.3,23011.5,-824.248
20550.0,19908.7,641.297
20640.6,20215.3,425.254
21109.7,20706.0,403.662
21451.4,21196.7,254.787
21722.3,21666.9,55.4785
22067.8,22321.1,-253.256
20721.2,20241.8,479.359
21200.1,20732.5,467.633
21081.7,20568.9,512.793
21632.6,21059.6,572.973
21625.0,21529.8,95.2227
21904.2,21856.9,47.3008
21682.7,21223.1,459.615
21729.0,21693.3,35.6504
21987.2,22020.4,-33.1992
22159.9,22347.5,-187.609
22761.6,22674.7,86.9297
19707.1,20054.5,-347.352
19792.0,20361.1,-569.158
21032.2,21178.9,-146.643
20322.1,20688.2,-366.117
21536.6,21649.1,-112.436
21516.7,21976.2,-459.475
20888.8,21342.4,-453.643
21241.3,21812.6,-571.359
21823.8,22466.8,-643.059
19791.1,19935.2,-144.121
20693.3,20732.5,-39.1895
20987.9,21223.2,-235.262
21516.5,21693.4,-176.869
22054.4,22347.6,-293.148
19705.1,19978.7,-273.574
20020.1,20285.3,-265.256
20237.5,20448.9,-211.342
20629.3,20776.0,-146.643
20254.5,20612.4,-357.951
20751.2,21103.1,-351.922
21250.9,21573.3,-322.395
21634.2,21900.4,-266.232
20887.9,21266.6,-378.779
21238.5,21736.8,-498.342
21403.4,21900.4,-497.045
21933.2,22391.1,-457.807
20827.2,21266.6,-439.42
22199.8,22718.2,-518.348
20040.3,20265.4,-225.066
20220.7,20428.9,-208.256
20372.6,20592.5,-219.93
20824.9,21083.2,-258.264
21392.2,21553.4,-161.205
21582.8,21880.5,-297.664
21925.4,22371.1,-445.715
22160.8,22698.2,-537.453
22800.6,23004.9,-204.277
21438.4,21754.7,-316.236
22148.2,22408.9,-260.656
19961.2,19995.0,-33.7578
20149.4,20301.7,-152.287
20968.9,21119.4,-150.473
20429.2,20628.8,-199.525
20895.4,21119.4,-224.025
21281.7,21589.6,-307.918
21638.0,21916.7,-278.691
21003.7,21283.0,-279.266
21303.1,21753.2,-450.055
21471.5,21916.7,-445.248
21962.1,22407.4,-445.238
20841.2,21283.0,-441.805
21303.1,21753.2,-450.055
21921.2,22407.4,-486.127
20947.1,21283.0,-335.846
21253.8,21753.2,-499.344
21923.4,22407.4,-484.004
20698.2,21284.5,-586.27
21382.3,21754.7,-372.354
21957.2,22408.9,-451.717
19711.1,19932.9,-221.803
20002.4,20239.6,-237.227
20246.8,20566.7,-319.924
20650.5,21057.3,-406.836
21229.5,21527.5,-298.016
20858.7,21220.9,-362.193
21091.8,21527.5,-435.793
21241.3,21691.1,-449.822
21899.3,22345.3,-446.021
22252.9,22672.4,-419.521
18561.0,17281.7,1279.33
19081.6,18283.3,798.342
19299.8,18916.2,383.652
19375.5,19085.1,290.473
19397.6,18910.1,487.562
19597.6,19071.6,526.057
19651.2,19361.5,289.764
19699.9,19108.0,591.896
19779.6,18929.9,849.756
19873.7,19628.1,245.615
19873.4,19348.4,525.025
19922.8,19928.4,-5.55469
20207.4,20165.5,41.8926
20242.5,19723.5,518.988
20260.8,20197.8,62.9258
20273.9,20019.6,254.385
20376.7,20561.7,-185.035
20536.8,20713.2,-176.418
20789.6,20377.3,412.295
20874.7,20882.1,-7.34766
20941.4,20938.9,2.51758
20946.5,21413.0,-466.516
20959.0,20756.6,202.426
20981.2,20755.5,225.617
21062.1,21434.9,-372.807
21137.6,21432.0,-294.43
21217.6,21429.0,-211.395
21275.0,21211.6,63.3672
21301.6,21210.6,91.0156
21395.3,21448.4,-53.0762
21422.3,21649.6,-227.268
21533.3,21670.2,-136.871
21551.4,21812.9,-261.496
21680.0,21665.1,14.9043
21836.1,22051.7,-215.598
21853.9,22051.1,-197.176
20020.8,19680.0,340.811
20119.4,19557.7,561.641
20270.3,20147.1,123.154
20378.8,20515.5,-136.699
20416.7,20767.6,-350.932
20670.0,20535.2,134.881
20693.6,20534.1,159.436
21004.2,21013.5,-9.38281
21047.4,21653.8,-606.4
21103.3,21317.5,-214.254
21113.2,21602.1,-488.959
21132.3,21818.6,-686.354
21192.7,21446.7,-254.02
21277.2,21391.3,-114.166
21301.4,21813.3,-511.943
21443.0,22225.1,-782.008
21537.0,22201.9,-664.941
21616.7,22115.9,-499.215
21809.4,22194.2,-384.795
21921.3,21793.5,127.865
22072.4,22207.5,-135.029
22223.5,22551.5,-328.008
22289.4,22621.5,-332.02
22327.8,22934.2,-606.414
22326.8,22549.1,-222.27
22350.4,22566.7,-216.314
22426.5,22947.5,-521.037
22520.3,22883.3,-363.064
22670.7,22942.4,-271.701
22679.5,22682.0,-2.47656
22726.5,22715.1,11.3828
22746.0,22971.5,-225.506
22768.7,22697.1,71.6504
22782.8,22679.7,103.055
22981.1,23084.6,-103.443
23117.2,23023.6,93.5918
20770.3,20977.4,-207.016
21181.3,20961.8,219.516
21257.4,22007.1,-749.691
21316.4,21800.6,-484.248
21385.8,21821.9,-436.133
21599.4,22210.5,-611.104
22169.9,22633.9,-464.023
22244.7,22834.3,-589.553
22537.1,22923.2,-386.098
22879.8,23259.1,-379.305
22892.7,22617.6,275.172
23088.4,23442.3,-353.85
23136.0,22831.8,304.17
23205.6,22925.3,280.311
23306.3,23450.7,-144.477
23425.1,23448.9,-23.877
23440.0,23448.7,-8.76367
23455.3,23572.8,-117.467
23534.5,23571.7,-37.1543
23559.2,23571.3,-12.0957
23626.8,23037.7,589.076
23662.1,23259.0,403.074
23701.7,23245.2,456.471
23782.9,23761.8,21.1016
23936.2,23701.6,234.639
23964.9,23452.5,512.35
23985.7,23710.8,274.883
21870.7,21997.9,-127.201
22752.0,22628.4,123.623
22826.2,23059.1,-232.859
23133.9,23234.4,-100.469
23166.0,23458.2,-292.131
23164.6,23053.0,111.58
23170.3,23233.8,-63.459
23847.3,23249.3,597.943
24062.2,23633.8,428.389
24213.1,23621.4,591.691
24375.6,23869.3,506.359
24520.4,23638.4,882.008
22903.6,22832.6,70.9688
23133.7,23043.6,90.041
23451.8,23446.3,5.52344
23849.7,23240.8,608.893
23943.2,23451.3,491.949
24813.6,23876.9,936.615
25097.5,23874.1,1223.41
25191.5,24072.9,1118.55
25318.6,24281.0,1037.62
18606.8,18335.3,271.504
18891.7,18735.6,156.158
19068.9,18775.0,293.838
19265.2,18943.3,321.916
19392.2,18940.2,452.006
19607.9,19145.7,462.262
19804.4,19620.8,183.57
20023.7,19616.1,407.654
20046.9,19615.5,431.408
20116.2,19614.0,502.148
20166.3,19765.1,401.184
20381.9,19945.8,436.092
20512.8,19979.4,533.422
20524.4,19979.2,545.234
20632.1,19976.9,655.215
20678.4,20293.6,384.807
20767.0,20291.8,475.254
20006.4,19601.8,404.623
20157.1,19788.8,368.283
20588.6,20178.9,409.721
20792.2,20580.0,212.221
20792.2,20381.3,410.936
20841.2,20611.5,229.658
20946.9,20577.4,369.574
20983.6,20609.0,374.529
21004.0,20608.6,395.336
21036.6,21041.4,-4.78711
21052.8,20607.8,444.979
21101.7,20859.3,242.439
21122.0,20797.1,324.895
21154.6,20796.5,358.092
21228.1,21408.2,-180.119
21293.1,21037.3,255.711
21317.6,21407.0,-89.3633
21423.4,21405.3,18.0488
21439.6,21238.1,201.525
21541.4,21208.1,333.381
21541.4,21348.5,192.936
21643.2,21402.1,241.176
21810.2,21741.4,68.7793
21903.9,21740.0,163.893
21960.9,22123.5,-162.592
22026.1,22122.7,-96.6094
22091.3,22121.9,-30.6309
22140.1,22121.3,18.8086
22144.2,22342.7,-198.447
22270.4,22488.5,-218.035
22294.9,22488.0,-193.166
22311.1,22487.8,-176.719
22335.6,22487.6,-152.055
21077.7,21028.6,49.1543
21146.3,21027.5,118.773
21455.3,21197.8,257.498
21476.8,21197.4,279.412
21571.4,21834.2,-262.838
21571.3,21419.6,151.668
21781.6,21629.4,152.178
21794.5,21629.2,165.324
21833.0,21628.6,204.467
21906.1,21830.2,75.959
21944.8,21829.5,115.201
21979.0,21652.5,326.498
22090.7,22067.1,23.5938
22155.1,22066.3,88.8242
22331.0,22245.4,85.6504
22408.4,22479.0,-70.6641
22425.6,22478.8,-53.2402
22447.0,22478.6,-31.627
22485.6,22478.2,7.40625
22593.1,22882.8,-289.76
22644.6,22900.4,-255.773
22915.1,23236.1,-320.969
22940.8,23122.2,-181.408
22992.4,23251.2,-258.84
23121.1,23234.5,-113.348
23241.3,23417.0,-175.744
23279.9,23401.9,-121.992
23344.4,23613.9,-269.484
23370.2,23613.7,-243.498
23460.4,23769.1,-308.756
23529.0,23768.7,-239.711
22048.4,22260.7,-212.299
22269.5,22236.2,33.3047
22364.3,22470.5,-106.15
22517.8,22489.5,28.2852
22603.5,22668.6,-65.0742
22756.9,22667.1,89.8027
22779.6,22891.4,-111.857
22865.3,22872.6,-7.32031
23036.8,23097.7,-60.8535
23059.4,23097.7,-38.2441
23077.4,23097.5,-20.0352
23095.6,23097.3,-1.72461
23136.2,23096.9,39.2988
23149.7,23113.6,36.0391
23411.6,23525.0,-113.402
23447.7,23510.7,-62.9805
23483.8,23524.6,-40.7715
23520.0,23788.6,-268.592
23569.5,23523.9,45.5684
23578.5,23606.7,-28.2285
23623.7,23775.5,-151.793
23637.1,23523.3,113.801
23664.3,23775.3,-110.914
23705.0,23787.5,-82.5098
23799.8,23799.3,0.505859
24011.8,23735.3,276.482
24075.1,23985.7,89.4082
24156.3,23985.2,171.082
24178.8,23973.9,204.939
24296.2,24134.3,161.93
24368.5,24134.0,234.508
24409.1,24133.8,275.322
24413.5,23983.8,429.68
24422.6,24133.7,288.908
24522.0,24316.8,205.223
24585.1,24316.5,268.631
18993.1,18027.8,965.281
19251.7,18501.1,750.674
19644.2,19054.1,590.074
19671.0,19681.1,-10.1406
20005.4,20248.2,-242.807
20050.0,20060.3,-10.3164
20571.8,20847.8,-276.027
20656.6,20845.8,-189.215
20959.8,21241.6,-281.814
20999.9,21506.3,-506.404
21035.6,21615.3,-579.668
20057.3,20042.1,15.1133
20113.8,20040.7,73.127
20184.6,20086.3,98.3262
20458.1,20490.9,-32.7695
20613.6,20914.7,-301.051
20816.4,20910.2,-93.7656
20953.1,21305.6,-352.457
21160.6,21778.6,-618.039
21198.4,21777.8,-579.473
21325.6,22146.2,-820.59
21561.5,22717.8,-1156.38
21589.7,22689.0,-1099.3
21641.6,22688.2,-1046.62
21820.7,23216.7,-1395.94
21849.1,23216.3,-1367.19
21919.8,22985.7,-1065.88
22047.1,23405.8,-1358.72
22122.6,23564.2,-1441.66
22160.2,23694.2,-1534.03
22245.1,23756.4,-1511.26
21039.4,21514.3,-474.932
21650.8,22560.8,-910.021
21909.2,22975.4,-1066.2
22118.0,23396.0,-1277.92
22157.8,23395.6,-1237.72
22247.3,23394.3,-1147.07
22267.2,23394.1,-1126.92
22585.3,23786.2,-1200.97
22694.6,23983.9,-1289.29
22729.5,24151.0,-1421.49
22828.8,24149.9,-1321.12
22948.1,24112.5,-1164.42
22973.0,24219.7,-1246.64
23012.7,24288.3,-1275.63
23161.9,24498.1,-1336.22
23211.6,24497.7,-1286.1
21828.0,23170.7,-1342.72
22010.9,23193.4,-1182.5
22172.8,23589.6,-1416.76
22402.8,23382.3,-979.49
22674.6,23995.2,-1320.59
22951.5,24194.7,-1243.2
23129.2,24412.6,-1283.43
23207.6,24491.1,-1283.57
23223.2,24395.9,-1172.65
23265.1,24490.7,-1225.67
23630.9,24804.7,-1173.81
23871.3,24855.6,-984.289
23996.7,25050.2,-1053.47
24090.8,25014.7,-923.865
24247.6,25202.4,-954.84
24279.0,25202.3,-923.291
24357.3,25201.8,-844.52
24545.5,25377.2,-831.736
23009.8,24405.9,-1396.05
24204.8,25020.5,-815.682
24484.4,25227.6,-743.285
24594.0,25227.1,-633.113
24972.2,25434.2,-461.977
25016.1,25434.0,-417.906
20254.2,20059.9,194.279
20296.9,21066.2,-769.33
20309.0,20365.6,-56.5332
20339.5,21244.1,-904.551
20357.8,20384.2,-26.4023
20382.1,21244.1,-861.908
20388.2,20099.0,289.252
20391.3,21016.5,-625.23
20412.6,20384.2,28.4238
20421.7,21228.1,-806.367
20424.8,21626.6,-1201.77
20464.4,20983.2,-518.803
20467.4,21244.1,-776.623
20473.5,21842.0,-1368.52
20479.6,20365.6,114.037
20513.1,21212.2,-699.041
20519.2,21827.9,-1308.72
20534.4,20384.2,150.26
20564.9,20040.3,524.588
20607.5,21228.1,-620.566
20607.5,20346.8,260.773
20622.8,20673.9,-51.0977
20625.8,20040.3,585.506
20653.2,21228.1,-574.879
20653.2,20365.6,287.652
20698.9,21626.6,-927.643
20698.9,20656.3,42.6328
20747.7,20966.4,-218.77
20765.9,21196.0,-430.082
20799.5,21626.6,-827.037
20799.5,20915.9,-116.402
20851.3,20915.9,-64.6211
20894.0,21611.6,-717.688
20894.0,21180.1,-286.117
20900.0,20365.6,534.463
20930.5,21180.1,-249.566
20948.8,20346.8,602.006
20954.9,20932.9,21.9707
20988.4,21626.6,-638.191
20994.5,21180.1,-185.604
21006.6,20932.9,73.75
21040.2,22244.4,-1204.23
21079.8,21180.1,-100.318
21082.8,22244.4,-1161.58
21085.8,20932.9,152.943
21204.6,21147.8,56.8691
21219.9,21670.3,-450.451
21247.3,21131.6,115.66
21265.6,21655.8,-390.246
21341.7,21000.0,341.742
21442.2,21655.8,-213.584
21487.9,20779.0,708.949
21509.2,21993.9,-484.717
21518.4,20983.2,535.172
21530.5,21461.8,68.7598
21551.9,21180.1,371.797
21558.0,22320.4,-762.473
21591.5,21699.5,-108.082
21631.1,22231.5,-600.443
21676.7,22231.5,-554.754
21682.8,21477.1,205.723
21682.8,21699.5,-16.7051
21722.5,21699.5,22.9824
21737.8,21323.0,414.787
21768.2,21713.9,54.3594
21780.4,22034.4,-254.018
21804.8,21713.9,90.9102
21813.9,20899.0,914.943
21832.2,22587.4,-755.252
21877.9,22587.4,-709.562
21887.0,22257.1,-370.049
21902.2,22047.9,-145.676
21914.4,21685.0,229.389
21929.6,22244.4,-314.732
21932.7,22587.4,-654.736
21941.8,22047.9,-106.08
21972.3,22257.1,-284.764
21978.4,22575.8,-597.393
21984.5,21260.0,724.473
21987.5,22034.4,-46.8965
22005.8,21066.2,939.605
22054.5,21049.6,1004.9
22057.6,22587.4,-529.855
22066.7,22020.9,45.7891
22103.3,22034.4,68.8477
22106.3,22575.8,-469.465
22139.8,22244.4,-104.564
22158.1,22575.8,-417.684
22203.8,22218.6,-14.8398
22206.8,22468.2,-261.416
22222.1,21244.1,978.0
22255.6,22691.5,-435.928
22264.7,22034.4,230.281
22264.7,21446.7,818.045
22267.7,22231.5,36.2422
22276.9,22552.1,-275.178
22316.5,22563.9,-247.439
22322.6,22714.4,-391.814
22356.1,23334.9,-978.783
22380.4,23463.9,-1083.42
22383.5,22231.5,151.986
22404.8,22575.8,-170.965
22417.0,22047.9,369.082
22432.2,23436.7,-1004.44
22438.3,22231.5,206.812
22481.0,23390.9,-909.918
22487.0,22714.4,-227.336
22514.5,23306.4,-791.979
22535.8,23463.9,-928.076
22551.0,23344.3,-793.25
22602.8,22934.2,-331.363
22605.8,23325.5,-719.615
22608.9,24045.1,-1436.2
22630.3,23436.7,-806.367
22724.7,23663.8,-939.08
22733.9,24045.1,-1311.22
22764.3,23672.2,-907.865
22840.5,24136.9,-1296.41
22870.9,24052.2,-1181.31
22956.2,24052.2,-1096.03
22998.9,24316.2,-1317.32
23675.5,24792.7,-1117.2
22748.6,23218.5,-469.904
25200.0,25671.8,-471.838
24414.5,25678.0,-1263.54
24443.8,25677.5,-1233.74
24979.5,26071.1,-1091.54
25163.8,26277.5,-1113.71
26318.8,26367.1,-48.3125
26422.9,26373.8,49.1055
26486.9,26388.0,98.9395
26591.3,26436.4,154.969
26767.6,26474.5,293.08
26864.3,26540.2,324.094
26888.3,26540.0,348.279
26960.1,26533.9,426.242
27024.2,26539.2,484.951
27112.0,26538.7,573.34
27184.0,26538.2,645.793
27272.0,26543.4,728.617
27545.4,26657.6,887.799
27585.4,26661.9,923.568
27801.6,26682.4,1119.21
27857.2,26665.0,1192.22
28403.3,26743.3,1660.01
28716.7,26785.6,1931.1
28750.8,26766.2,1984.63
28777.3,26785.4,1991.87
29002.8,26781.6,2221.17
29030.0,26825.4,2204.62
29377.7,26845.3,2532.4
29665.2,26885.6,2779.65
29708.8,26887.5,2821.22
29838.7,26885.2,2953.52
30454.6,26886.0,3568.57
30628.1,26885.7,3742.44
30689.6,26905.2,3784.38
20693.0,21768.3,-1075.36
21106.3,21768.3,-662.031
20906.9,21768.3,-861.398
21969.5,21833.6,135.863
22691.7,21833.6,858.121
21610.1,22004.3,-394.18
21983.4,22004.3,-20.9355
22766.4,22004.3,762.135
23258.0,22004.3,1253.69
21560.1,22016.0,-455.852
22053.7,22016.0,37.752
22533.3,22016.0,517.344
22991.6,22016.0,975.627
20676.6,21855.6,-1178.96
20534.0,21855.6,-1321.61
20816.8,21855.6,-1038.76
20424.4,21855.6,-1431.17
20131.6,22382.5,-2250.91
20195.5,22382.5,-2186.98
20823.6,22278.1,-1454.57
20950.2,22278.1,-1327.98
22053.5,22278.1,-224.598
21824.0,22278.1,-454.129
20433.0,22780.8,-2347.83
20441.4,22780.8,-2339.46
20894.4,22780.8,-1886.44
21380.3,22780.8,-1400.52
20771.9,22100.6,-1328.74
21113.1,22100.6,-987.512
20943.8,22160.3,-1216.46
21647.0,22160.3,-513.271
21710.4,22160.3,-449.93
20480.9,22151.8,-1670.89
20860.4,22151.8,-1291.32
21583.5,22151.8,-568.283
20449.5,22454.4,-2004.88
20911.1,22454.4,-1543.29
22266.5,22454.4,-187.9
20980.1,22431.3,-1451.21
21625.7,22431.3,-805.627
22733.3,22431.3,301.939
20804.7,21969.6,-1164.96
20884.4,21969.6,-1085.27
21247.4,21969.6,-722.24
21771.4,21839.7,-68.3359
22087.4,21839.7,247.695
22777.3,21852.2,925.098
22850.5,21852.2,998.268
21800.6,22095.4,-294.869
